{
  "Year First Seen (Accession Year)": 2020,
  "Sex": 0,
  "Age at Diagnosis": 54,
  "Age at First Contact": 54,
  "Tumor Size, Clinical (MM)": 32,
  "Tumor Size, Pathological (MM)": 20,
  "Tumor Size, Summary (MM)": 20,
  "Age at Last Contact": 55,
  "Age at Last Cancer Status": 55,
  "Estrogen Receptor Summary": 1,
  "Progesterone Receptor Summary": 1,
  "Ki-67 (%)": 30,
  "Oncotype Dx Risk Category": 2,
  "Oncotype Dx Risk Unknown Flag": 0,
  "Age at Surgery RX #1": 54,
  "Age at Surgery RX #2": -1,
  "Age at Surgery RX #3": -1,
  "Age at Chemotherapy #1": -1,
  "Age at Chemotherapy #2": -1,
  "Age at Chemotherapy #3": -1,
  "Age at Hormone #1": 54,
  "Age at Hormone #2": -1,
  "Age at Immunotherapy #1": -1,
  "Age at Immunotherapy #2": -1,
  "Age at Radiation #1": -1,
  "Age at Radiation #2": -1,
  "Age at Radiation #3": -1,
  "Age at Radiation #4": -1,
  "Age at Palliative Procedures #1": -1,
  "Age at Palliative Procedures #2": -1,
  "Class of Case_enc": 0.017910448,
  "Primary Site_enc": 0.00872093,
  "Histology/Behavior Type_enc": 0.012987012987012988,
  "Grade Clinical_enc": 0.016863406408094434,
  "Grade Pathological_enc": 0.017513134851138354,
  "Summary Stage_enc": 0.005847953,
  "TNM, Post Therapy, Path, T Code_enc": 0.024691358024691357,
  "TNM, Post Therapy, Path, N Code_enc": 0.018348624,
  "TNM, Post Therapy, Path, M Code_enc": 0.016181229773462782,
  "HER2 Overall Summary_enc": 0.021374927787406125,
  "Menopause Status_enc": 0.015135135135135135,
  "BRCA_enc": 0.021806853582554516,
  "Metastasis Site #1_enc": 0.025183150183150184,
  "Metastasis Site #2_enc": 0.023857662757784066,
  "Metastasis Site #3_enc": 0.023524874662553028,
  "Metastasis Site #4_enc": 0.023010184835910975,
  "Metastasis Site #5_enc": 0.022820800598578377,
  "Surgery of Primary Site #1_enc": 0.023498695,
  "Surgery of Primary Site #2_enc": 0.021137586471944657,
  "Surgery of Primary Site #3_enc": 0.022829341,
  "TNM, Clin, T_enc": 0.008196721,
  "TNM, Clin, N_enc": 0.013675213675213675,
  "TNM, Clin, M_enc": 0.013611615245009074,
  "TNM, Path, T_enc": 0.014285714285714285,
  "TNM, Path, N_enc": 0.012987012987012988,
  "TNM, Path, M_enc": 0.019061584,
  "TNM, Clinical, Stage Group_enc": 0.006779661,
  "TNM, Pathological, Stage Group_enc": 0.014925373134328358
}

